Crime_ID,Region,Crime_Type,Severity,Date
1,Unknown,Phishing,,2025-02-14
2,Florida,Financial Fraud,Medium,2025-11-01
3,Illinois,Financial Fraud,,2025-04-29
4,Unknown,,Low,2023-12-20
5,Texas,Ransomware,,2025-05-22
6,Illinois,Malware,,2025-09-17
7,Illinois,Phishing,High,2025-10-14
8,Unknown,,Medium,2023-10-21
9,California,Ransomware,Low,2023-07-28
10,Texas,Malware,,2025-03-28
11,Unknown,Malware,Low,2024-01-25
12,Texas,,High,2023-11-21
13,Texas,Identity Theft,Medium,2025-07-28
14,Illinois,Phishing,,2025-06-07
15,Florida,Malware,Medium,2024-10-29
16,Texas,,High,2024-09-24
17,,,High,2024-07-30
18,Illinois,Ransomware,Low,2023-05-17
19,California,Identity Theft,,2024-03-03
20,Florida,Phishing,Low,2024-09-03
21,,Financial Fraud,High,2025-06-29
22,,Ransomware,Medium,2025-03-29
23,California,Malware,Low,2023-05-21
24,Florida,Malware,Low,2023-06-26
25,Illinois,Ransomware,Medium,2023-07-17
26,New York,,Low,2024-09-15
27,Florida,Malware,Medium,2024-11-21
28,California,Identity Theft,,2024-02-05
29,,Phishing,Medium,2024-04-15
30,Illinois,Identity Theft,,2023-08-06
31,Florida,Malware,Medium,2025-07-17
32,New York,Financial Fraud,High,2024-09-23
33,New York,Phishing,High,2025-08-08
34,Texas,Phishing,,2025-06-24
35,Texas,Ransomware,,2023-06-24
36,Unknown,Ransomware,High,2023-01-23
37,California,Financial Fraud,,2023-08-23
38,Florida,,Medium,2025-07-17
39,Florida,Phishing,Medium,2024-06-06
40,Unknown,Financial Fraud,High,2024-03-06
41,,Ransomware,Low,2025-03-03
42,,Ransomware,Medium,2024-06-16
43,Unknown,Phishing,,2025-09-05
44,,Identity Theft,Low,2025-03-20
45,Texas,Malware,Low,2025-07-01
46,Florida,Ransomware,Medium,2025-05-20
47,Unknown,,Medium,2024-06-23
48,Florida,,Low,2025-10-20
49,New York,Ransomware,Low,2023-08-15
50,Texas,Identity Theft,High,2025-05-22
51,Illinois,Identity Theft,,2025-06-10
52,Texas,Financial Fraud,High,2023-07-29
53,Unknown,,Medium,2025-01-10
54,Illinois,Financial Fraud,High,2024-02-01
55,New York,,High,2023-01-31
56,Unknown,Malware,High,2025-06-16
57,California,Malware,High,2024-10-10
58,Florida,Phishing,,2023-11-25
59,New York,Financial Fraud,,2025-08-09
60,Florida,Ransomware,Low,2024-09-12
61,,Financial Fraud,Medium,2023-06-11
62,California,Ransomware,High,2025-02-14
63,California,Identity Theft,Low,2023-10-01
64,New York,Financial Fraud,Low,2025-10-23
65,California,Identity Theft,Low,2023-11-22
66,Illinois,Malware,,2025-07-28
67,California,Malware,High,2024-06-23
68,Florida,Phishing,High,2024-05-02
69,Florida,Financial Fraud,Medium,2025-04-01
70,Unknown,Identity Theft,High,2023-12-22
71,Florida,Ransomware,High,2023-08-23
72,Unknown,Malware,Low,2023-08-15
73,Florida,Malware,Medium,2023-02-18
74,Illinois,Ransomware,High,2023-04-28
75,Unknown,Identity Theft,,2023-02-23
76,Texas,Identity Theft,High,2024-07-18
77,,Financial Fraud,Low,2023-02-22
78,New York,Financial Fraud,,2024-07-11
79,Florida,,Low,2025-05-17
80,California,,High,2024-02-02
81,Florida,Phishing,,2024-11-05
82,California,Malware,Medium,2024-01-22
83,,Financial Fraud,Medium,2023-04-21
84,,Identity Theft,,2024-09-05
85,,Ransomware,,2023-01-17
86,California,Identity Theft,Low,2025-06-02
87,Florida,Malware,,2024-06-24
88,,,Low,2023-06-20
89,Illinois,Identity Theft,High,2024-02-13
90,Unknown,Phishing,Low,2025-01-09
91,California,Malware,,2025-05-07
92,California,,,2023-08-18
93,Florida,Ransomware,High,2023-04-29
94,California,,,2025-02-22
95,California,Phishing,,2024-04-09
96,,Malware,Medium,2023-04-14
97,Florida,Ransomware,Medium,2024-11-28
98,,Phishing,High,2023-06-24
99,Unknown,,Low,2025-01-14
100,Unknown,Phishing,Medium,2024-10-26
101,,Malware,Low,2023-02-02
102,Unknown,Financial Fraud,,2023-02-24
103,Florida,Phishing,Medium,2024-06-02
104,New York,Phishing,High,2025-01-25
105,,,High,2023-01-12
106,Illinois,,High,2024-12-20
107,Illinois,Ransomware,Medium,2024-07-08
108,California,,Low,2024-01-08
109,Unknown,Identity Theft,,2024-04-28
110,Illinois,Malware,Low,2025-08-30
111,California,Malware,Low,2024-09-14
112,New York,Financial Fraud,,2023-11-03
113,Florida,Financial Fraud,,2024-04-01
114,Florida,Malware,Medium,2023-06-09
115,Florida,Financial Fraud,Medium,2023-11-27
116,Illinois,Ransomware,Medium,2025-02-14
117,New York,,Medium,2023-08-13
118,Illinois,Malware,Medium,2025-09-09
119,Unknown,Financial Fraud,,2024-12-29
120,Illinois,Malware,Low,2024-10-05
121,New York,Identity Theft,Medium,2024-09-07
122,New York,Phishing,Medium,2023-07-14
123,Unknown,,Low,2024-05-03
124,New York,Malware,Medium,2023-06-06
125,New York,Phishing,Low,2024-09-01
126,Florida,Financial Fraud,Low,2024-02-16
127,Unknown,Phishing,,2024-04-15
128,Texas,,High,2024-05-30
129,Texas,Malware,,2024-01-28
130,New York,Identity Theft,High,2024-09-22
131,Texas,Financial Fraud,High,2024-08-30
132,Texas,Malware,High,2025-09-06
133,New York,,Medium,2024-03-09
134,Texas,Financial Fraud,,2024-06-23
135,Illinois,Ransomware,High,2023-10-05
136,California,Phishing,Low,2023-08-21
137,Unknown,,Medium,2023-12-28
138,California,Ransomware,,2023-01-26
139,New York,Malware,High,2024-05-21
140,Florida,Identity Theft,Low,2023-09-24
141,Unknown,Financial Fraud,,2024-04-05
142,New York,Phishing,,2024-03-31
143,Florida,Financial Fraud,Medium,2025-10-03
144,California,Malware,,2025-05-12
145,New York,Financial Fraud,Medium,2024-05-05
146,Unknown,Phishing,High,2024-07-17
147,Unknown,Malware,Medium,2023-08-04
148,,Financial Fraud,Low,2024-07-12
149,Illinois,Identity Theft,Medium,2023-06-08
150,Texas,,Low,2024-05-03
151,Florida,Malware,Medium,2024-11-16
152,,,,2025-03-04
153,Texas,Malware,High,2023-01-05
154,Texas,Identity Theft,Low,2023-12-27
155,New York,,Medium,2024-04-03
156,Texas,Ransomware,Medium,2023-09-05
157,Illinois,Phishing,Medium,2025-08-03
158,Unknown,Ransomware,,2024-02-26
159,,Financial Fraud,,2023-01-15
160,Texas,Identity Theft,Low,2025-01-05
161,New York,Ransomware,Low,2023-10-04
162,Illinois,Malware,,2024-03-28
163,California,Financial Fraud,Low,2024-08-20
164,Unknown,Financial Fraud,High,2024-03-21
165,Unknown,Ransomware,High,2023-07-29
166,,Ransomware,,2024-12-14
167,Unknown,Identity Theft,Low,2023-10-29
168,Texas,Phishing,Medium,2023-01-03
169,New York,Ransomware,High,2025-09-16
170,Unknown,Ransomware,,2024-06-03
171,Unknown,,Low,2024-05-07
172,California,Malware,,2024-09-11
173,California,,Medium,2023-11-27
174,Florida,,High,2023-11-29
175,Illinois,Financial Fraud,,2023-02-19
176,Texas,Phishing,,2025-05-12
177,Unknown,Malware,,2023-09-29
178,Unknown,Identity Theft,Medium,2024-08-02
179,New York,Identity Theft,,2024-07-13
180,Florida,Ransomware,Medium,2024-11-26
181,Illinois,Ransomware,Medium,2024-03-21
182,Florida,Identity Theft,Medium,2025-10-13
183,,Ransomware,High,2023-12-23
184,Illinois,Phishing,High,2023-10-01
185,Unknown,,,2023-11-07
186,Unknown,Ransomware,,2025-05-19
187,Illinois,Financial Fraud,High,2025-06-04
188,Unknown,Ransomware,Low,2023-06-03
189,Texas,Malware,High,2024-09-11
190,Illinois,Phishing,Medium,2025-06-01
191,Florida,Malware,High,2025-03-07
192,Illinois,Malware,Medium,2023-05-05
193,Unknown,Financial Fraud,,2024-09-10
194,Texas,Phishing,Low,2023-09-02
195,Texas,Phishing,,2025-04-27
196,,Phishing,Medium,2024-03-25
197,Florida,Phishing,Medium,2025-07-18
198,California,Phishing,Medium,2024-06-03
199,California,Financial Fraud,Low,2023-12-28
200,Illinois,Ransomware,High,2023-01-08
201,,Malware,,2024-04-22
202,New York,Phishing,,2024-05-09
203,Illinois,Ransomware,High,2025-04-12
204,,Ransomware,,2024-08-15
205,Florida,Malware,Low,2023-07-06
206,Florida,Financial Fraud,,2025-01-23
207,Florida,Identity Theft,Medium,2023-04-03
208,Florida,Identity Theft,High,2023-03-27
209,Florida,Ransomware,Low,2023-05-17
210,,,High,2024-02-25
211,,,Low,2023-03-15
212,Texas,Malware,Medium,2023-06-20
213,California,Identity Theft,High,2023-06-19
214,Unknown,Ransomware,,2025-05-21
215,Florida,Financial Fraud,Low,2023-11-18
216,New York,Identity Theft,High,2024-03-31
217,Unknown,Ransomware,,2025-08-01
218,,Ransomware,High,2025-02-28
219,New York,Phishing,High,2024-09-04
220,New York,Financial Fraud,High,2025-06-07
221,New York,Phishing,Low,2023-12-15
222,Texas,Malware,,2023-01-10
223,,Phishing,Medium,2025-01-09
224,New York,Phishing,Low,2024-10-28
225,Florida,Identity Theft,Low,2024-06-29
226,Illinois,,Low,2023-05-09
227,New York,Ransomware,Medium,2024-08-23
228,Texas,Financial Fraud,,2024-08-27
229,Unknown,Phishing,,2023-11-23
230,,Financial Fraud,,2025-09-06
231,Texas,,High,2024-02-08
232,New York,,High,2024-09-20
233,,Phishing,High,2024-12-18
234,Illinois,Malware,Medium,2023-10-01
235,New York,Phishing,High,2024-11-15
236,Texas,Identity Theft,Medium,2023-04-26
237,California,Ransomware,,2025-05-10
238,Florida,Malware,High,2024-11-23
239,Unknown,Phishing,High,2023-11-20
240,Texas,Financial Fraud,Low,2025-08-18
241,,Malware,Medium,2023-04-24
242,New York,Malware,,2023-06-03
243,Florida,Phishing,Low,2023-11-11
244,New York,Malware,Low,2023-04-15
245,,Financial Fraud,,2023-12-20
246,New York,,Low,2025-10-12
247,California,Malware,Medium,2025-01-02
248,Florida,,Medium,2024-12-09
249,Florida,Financial Fraud,High,2024-10-12
250,,Phishing,Low,2025-04-03
251,Unknown,Ransomware,High,2025-08-04
252,California,Malware,Low,2024-10-22
253,Texas,Ransomware,Medium,2023-04-09
254,New York,Financial Fraud,Medium,2024-08-10
255,Illinois,Malware,Medium,2023-10-09
256,New York,,Low,2024-02-07
257,New York,Identity Theft,Medium,2024-11-30
258,Texas,Ransomware,Low,2023-07-18
259,New York,Malware,High,2023-11-23
260,California,Ransomware,Low,2023-06-03
261,California,Malware,High,2024-07-05
262,Florida,Phishing,Low,2024-02-09
263,,,High,2024-04-06
264,Unknown,Ransomware,Medium,2023-05-12
265,Illinois,Identity Theft,High,2025-03-01
266,New York,Identity Theft,Medium,2025-05-23
267,New York,Financial Fraud,Medium,2023-03-25
268,Texas,Malware,High,2025-01-23
269,,Ransomware,Low,2024-09-19
270,California,Financial Fraud,Low,2023-08-09
271,Illinois,Ransomware,,2024-07-06
272,Florida,Malware,Low,2023-04-22
273,California,Identity Theft,,2024-09-06
274,,Phishing,Low,2025-07-12
275,Unknown,Identity Theft,Low,2024-04-19
276,Florida,Financial Fraud,Medium,2025-04-15
277,Unknown,,,2023-09-28
278,Texas,Phishing,Low,2024-02-25
279,Texas,Financial Fraud,,2024-12-07
280,New York,Malware,Medium,2023-02-09
281,Unknown,Phishing,Medium,2023-07-08
282,,Financial Fraud,,2025-09-20
283,Illinois,Malware,Medium,2024-06-19
284,Florida,Identity Theft,High,2025-10-24
285,California,,High,2023-10-17
286,,Malware,Medium,2024-03-08
287,,Ransomware,High,2024-04-15
288,Texas,Malware,Low,2024-09-19
289,Unknown,Malware,,2023-10-06
290,New York,,Low,2025-05-26
291,New York,Ransomware,,2024-08-03
292,Florida,Financial Fraud,Medium,2025-05-12
293,Texas,Financial Fraud,Low,2023-09-11
294,,Malware,Medium,2023-06-30
295,Illinois,Ransomware,Medium,2024-11-11
296,Texas,Ransomware,,2025-04-04
297,Florida,,,2024-11-30
298,Florida,Identity Theft,,2024-07-19
299,Texas,Financial Fraud,Low,2024-11-10
300,Florida,,High,2024-01-26
301,Texas,Phishing,,2023-07-31
302,California,Financial Fraud,,2024-01-19
303,Texas,,Low,2023-12-08
304,Unknown,Financial Fraud,,2025-04-23
305,Texas,Identity Theft,Low,2024-02-24
306,Florida,Phishing,Medium,2025-01-20
307,Unknown,Identity Theft,,2023-11-02
308,Florida,Phishing,,2024-12-02
309,New York,Malware,Medium,2025-05-18
310,New York,,Medium,2024-06-20
311,Unknown,Phishing,Medium,2023-07-25
312,California,Identity Theft,,2024-05-10
313,New York,Financial Fraud,High,2024-05-18
314,Texas,Phishing,High,2023-08-01
315,Florida,,High,2023-11-06
316,New York,Phishing,,2024-10-22
317,New York,Ransomware,Medium,2025-01-22
318,California,Financial Fraud,,2023-09-29
319,Unknown,,Medium,2025-07-26
320,Unknown,,,2023-02-01
321,,Malware,,2024-03-18
322,California,Identity Theft,Medium,2023-06-11
323,Texas,Malware,High,2025-02-05
324,Unknown,,Medium,2023-09-11
325,Florida,Financial Fraud,Low,2024-06-04
326,California,Phishing,Low,2025-09-03
327,New York,Phishing,Medium,2023-01-10
328,Florida,Financial Fraud,,2024-12-26
329,Florida,,Low,2024-05-19
330,New York,Phishing,Low,2025-02-23
331,California,Phishing,,2024-03-11
332,New York,Phishing,,2023-06-02
333,,Identity Theft,High,2025-07-05
334,Florida,Identity Theft,,2025-05-18
335,Illinois,Ransomware,Medium,2025-01-22
336,Illinois,Malware,Medium,2024-07-16
337,Texas,Financial Fraud,High,2024-05-03
338,Unknown,Financial Fraud,Low,2025-06-13
339,New York,Financial Fraud,Low,2023-04-14
340,New York,Ransomware,,2025-10-21
341,Texas,Identity Theft,Medium,2025-10-03
342,Texas,,Low,2024-02-11
343,Texas,,High,2023-06-16
344,Florida,Ransomware,High,2024-05-23
345,,,Medium,2023-11-09
346,New York,Financial Fraud,High,2025-02-01
347,Florida,Malware,High,2024-11-11
348,Texas,Phishing,Medium,2024-04-21
349,New York,Identity Theft,,2023-03-14
350,Florida,Identity Theft,,2024-08-04
351,,Ransomware,High,2023-09-19
352,Florida,Identity Theft,,2023-09-02
353,,Financial Fraud,,2024-07-14
354,Texas,,High,2023-06-24
355,,Financial Fraud,,2023-04-19
356,New York,Ransomware,High,2023-07-02
357,Texas,Financial Fraud,Low,2023-07-11
358,New York,,Medium,2023-03-06
359,Illinois,Malware,Medium,2025-08-20
360,California,Ransomware,,2025-05-13
361,,Malware,,2024-01-04
362,California,Phishing,,2025-04-30
363,California,Malware,Medium,2023-02-12
364,,Phishing,Low,2024-05-02
365,Texas,Phishing,Low,2023-03-19
366,Illinois,Malware,Medium,2025-04-05
367,New York,Ransomware,Low,2024-11-04
368,Florida,,Medium,2024-12-01
369,New York,Financial Fraud,Low,2025-01-28
370,Florida,Financial Fraud,High,2024-12-28
371,New York,,High,2025-07-13
372,,Phishing,Medium,2025-06-20
373,Illinois,Phishing,Low,2025-06-07
374,Florida,Ransomware,,2025-09-19
375,Unknown,Identity Theft,Low,2023-12-05
376,Texas,Malware,High,2023-07-12
377,New York,Phishing,High,2023-10-10
378,New York,Financial Fraud,Low,2024-01-25
379,Florida,Ransomware,Low,2025-09-26
380,Texas,Malware,,2024-06-08
381,Texas,Ransomware,,2024-10-20
382,,Malware,Low,2024-12-16
383,Unknown,Malware,Low,2025-06-09
384,,,Low,2024-03-27
385,,Phishing,Low,2024-03-03
386,,Ransomware,Medium,2025-06-01
387,,Ransomware,Low,2023-11-09
388,,,,2025-04-19
389,Illinois,Financial Fraud,High,2024-06-02
390,Texas,Financial Fraud,Medium,2024-01-10
391,,Phishing,Low,2024-03-26
392,Texas,Phishing,High,2025-10-11
393,Texas,Identity Theft,Medium,2024-08-17
394,California,,High,2024-05-14
395,Illinois,Financial Fraud,Low,2024-04-08
396,,Malware,Low,2023-04-23
397,New York,Ransomware,,2025-11-01
398,Florida,Phishing,Low,2023-11-27
399,Unknown,Ransomware,Low,2023-05-20
400,New York,Ransomware,Medium,2025-06-20
401,Illinois,Identity Theft,,2024-05-31
402,Florida,Financial Fraud,Medium,2024-07-22
403,Illinois,Phishing,High,2025-04-25
404,Texas,Ransomware,Low,2023-04-28
405,Florida,Phishing,High,2025-06-06
406,Texas,Malware,Medium,2023-02-19
407,New York,Identity Theft,Low,2023-01-19
408,New York,Malware,Low,2024-12-26
409,Florida,Phishing,Medium,2023-07-16
410,Florida,Phishing,Medium,2024-07-12
411,,Financial Fraud,Medium,2024-03-27
412,Illinois,Ransomware,Medium,2023-10-16
413,,Ransomware,Medium,2024-01-26
414,Illinois,Malware,Low,2023-08-03
415,,Identity Theft,Medium,2023-08-03
416,Texas,,Low,2023-05-08
417,Florida,Ransomware,Low,2025-01-29
418,New York,Financial Fraud,Medium,2024-02-08
419,Illinois,Malware,Medium,2023-12-04
420,Illinois,Malware,,2025-04-10
421,New York,,Low,2024-12-14
422,,Financial Fraud,Medium,2023-12-27
423,Illinois,Identity Theft,Medium,2024-07-22
424,Unknown,Financial Fraud,Medium,2023-08-06
425,Texas,Identity Theft,,2023-07-21
426,Florida,Financial Fraud,,2023-01-17
427,New York,Financial Fraud,High,2023-11-18
428,Florida,Phishing,Low,2024-06-01
429,Unknown,Malware,High,2024-11-11
430,Illinois,Financial Fraud,Medium,2024-02-29
431,Illinois,,,2025-10-15
432,Unknown,Financial Fraud,,2024-01-22
433,New York,Ransomware,High,2025-02-16
434,Texas,Malware,,2023-04-08
435,California,Ransomware,Medium,2023-07-27
436,New York,Malware,,2024-08-08
437,California,Ransomware,High,2023-06-15
438,Unknown,Financial Fraud,Medium,2023-01-22
439,,Financial Fraud,High,2023-06-03
440,California,Phishing,,2023-08-07
441,Texas,,High,2024-10-30
442,,Ransomware,High,2023-08-18
443,California,Identity Theft,Low,2023-01-20
444,Unknown,Phishing,,2024-07-06
445,,Ransomware,,2025-08-07
446,Unknown,Ransomware,High,2023-05-28
447,California,Phishing,Low,2024-02-07
448,Unknown,Financial Fraud,,2024-08-18
449,Texas,Ransomware,Medium,2024-01-02
450,California,Financial Fraud,High,2025-03-12
451,California,Phishing,,2025-07-06
452,California,Financial Fraud,Medium,2023-03-14
453,New York,Malware,,2024-04-25
454,New York,Identity Theft,Medium,2024-07-13
455,New York,Ransomware,High,2025-01-14
456,Texas,,,2023-04-10
457,,Identity Theft,,2024-05-22
458,Unknown,Financial Fraud,Low,2023-09-15
459,Illinois,Ransomware,High,2024-02-17
460,California,Financial Fraud,Medium,2024-08-17
461,Unknown,Malware,,2023-09-23
462,California,Phishing,,2025-03-31
463,Texas,Ransomware,Medium,2024-10-23
464,California,Malware,High,2025-08-04
465,New York,Malware,Low,2024-07-13
466,Illinois,Ransomware,Low,2025-07-05
467,Florida,Financial Fraud,,2025-06-09
468,California,,Medium,2025-05-17
469,Unknown,Malware,,2024-09-01
470,New York,Identity Theft,Medium,2024-02-18
471,Florida,Malware,Low,2023-01-25
472,Illinois,,High,2023-10-11
473,Florida,Financial Fraud,Medium,2025-05-30
474,New York,Financial Fraud,Low,2023-10-28
475,,Identity Theft,,2025-10-27
476,,Malware,Medium,2025-03-27
477,Florida,Financial Fraud,High,2023-03-24
478,Texas,,,2023-02-15
479,Unknown,Ransomware,,2024-09-09
480,Unknown,Phishing,Low,2025-07-16
481,Florida,Phishing,Medium,2023-09-19
482,California,Phishing,,2023-06-25
483,California,Malware,High,2024-10-18
484,Unknown,Identity Theft,Medium,2025-04-21
485,Unknown,Financial Fraud,High,2024-01-05
486,,Ransomware,,2023-02-23
487,Texas,,High,2024-11-20
488,New York,Ransomware,Low,2024-01-02
489,California,,High,2024-10-05
490,Unknown,Malware,Medium,2024-01-14
491,,Phishing,High,2023-03-14
492,Illinois,Malware,High,2025-07-03
493,,Identity Theft,Low,2025-05-09
494,California,Identity Theft,High,2023-02-12
495,California,,High,2024-01-12
496,,Financial Fraud,,2023-06-19
497,New York,Financial Fraud,,2023-07-31
498,Florida,,Medium,2023-02-08
499,California,Identity Theft,,2024-01-04
500,,Identity Theft,,2025-01-26
501,Unknown,Identity Theft,,2023-05-31
502,,Malware,,2025-10-20
503,Texas,Identity Theft,Low,2025-01-06
504,Florida,Ransomware,,2023-03-10
505,Illinois,Phishing,Low,2023-10-26
506,New York,Identity Theft,Low,2025-08-01
507,Illinois,,,2025-03-12
508,Florida,Phishing,High,2023-10-23
509,Florida,Malware,Low,2023-07-22
510,Florida,,High,2023-03-02
511,Illinois,Phishing,High,2025-08-03
512,Unknown,,,2025-08-20
513,Florida,Malware,Medium,2023-11-27
514,,Ransomware,,2023-12-04
515,Illinois,Malware,Medium,2024-09-30
516,Florida,Malware,Medium,2023-10-02
517,,,,2023-11-15
518,Unknown,Financial Fraud,,2024-08-11
519,Texas,Identity Theft,Medium,2024-05-18
520,Unknown,Identity Theft,,2024-01-22
521,Florida,Ransomware,Medium,2025-05-19
522,Illinois,Ransomware,High,2025-04-12
523,California,Identity Theft,,2025-10-11
524,Florida,Financial Fraud,High,2024-08-25
525,California,Identity Theft,Low,2024-11-21
526,,Financial Fraud,High,2024-05-08
527,Texas,Ransomware,High,2024-05-04
528,New York,Phishing,Medium,2024-12-21
529,Unknown,,High,2024-05-23
530,Texas,Ransomware,,2024-01-25
531,Florida,Ransomware,Medium,2023-10-22
532,California,Malware,Low,2025-03-06
533,Unknown,Malware,,2025-05-14
534,California,Malware,Low,2024-07-02
535,Illinois,,High,2024-10-10
536,California,Malware,,2024-07-21
537,Illinois,Financial Fraud,,2025-05-02
538,,Identity Theft,Low,2025-02-08
539,Unknown,Phishing,,2024-03-20
540,Unknown,Ransomware,,2023-12-29
541,New York,Financial Fraud,,2023-05-03
542,Florida,Phishing,High,2025-01-11
543,Illinois,Financial Fraud,Low,2024-11-10
544,New York,Financial Fraud,,2024-02-24
545,California,Ransomware,Medium,2023-04-02
546,California,Identity Theft,Medium,2023-03-04
547,New York,Malware,Medium,2024-05-26
548,Unknown,,Medium,2025-02-10
549,California,Identity Theft,High,2023-09-13
550,,,,2023-05-15
551,,Ransomware,Low,2025-05-24
552,New York,Ransomware,,2025-04-01
553,Illinois,Ransomware,High,2023-03-29
554,Illinois,Phishing,Medium,2025-09-14
555,New York,,High,2025-04-02
556,Illinois,Identity Theft,,2025-10-23
557,Unknown,Identity Theft,Low,2025-08-31
558,Unknown,Financial Fraud,High,2025-07-22
559,Illinois,Financial Fraud,Low,2023-05-01
560,,Financial Fraud,High,2025-10-04
561,Illinois,Ransomware,Low,2025-07-13
562,Unknown,Identity Theft,Low,2024-10-06
563,Texas,,Medium,2024-12-14
564,Florida,Ransomware,Low,2025-05-09
565,California,Phishing,Medium,2023-01-21
566,Texas,Financial Fraud,,2023-08-30
567,Illinois,Ransomware,,2024-03-30
568,,Ransomware,Medium,2025-08-20
569,New York,Phishing,Medium,2024-09-12
570,Illinois,Malware,High,2023-10-30
571,,Identity Theft,High,2025-03-13
572,Florida,,High,2025-08-21
573,Illinois,Malware,,2023-03-10
574,Unknown,Financial Fraud,High,2023-07-15
575,New York,Ransomware,Low,2023-05-20
576,,Phishing,Low,2023-10-10
577,,Phishing,High,2023-11-08
578,,Identity Theft,Low,2025-01-15
579,Florida,Malware,,2023-10-04
580,Illinois,Identity Theft,Low,2023-03-02
581,Florida,Ransomware,,2023-02-21
582,California,Identity Theft,Medium,2023-06-02
583,California,,Medium,2024-06-27
584,Illinois,Phishing,Medium,2024-07-20
585,Unknown,Phishing,Medium,2024-09-13
586,Florida,Financial Fraud,Low,2023-11-10
587,New York,Financial Fraud,High,2025-03-17
588,,Ransomware,Low,2025-04-27
589,,,,2023-04-07
590,Illinois,Malware,Low,2025-05-30
591,Unknown,Identity Theft,Low,2025-04-08
592,California,Ransomware,,2023-05-17
593,California,Financial Fraud,Medium,2025-10-26
594,,Identity Theft,Medium,2025-10-07
595,Illinois,Financial Fraud,Medium,2023-04-19
596,Florida,Identity Theft,High,2024-06-30
597,California,Malware,,2024-10-23
598,Florida,Ransomware,,2024-02-29
599,Unknown,Identity Theft,Low,2024-09-21
600,California,,High,2023-09-18
601,California,Phishing,Medium,2023-03-28
602,Texas,,High,2024-04-09
603,California,,,2023-03-17
604,New York,Phishing,,2024-04-15
605,Illinois,,Low,2024-02-18
606,Illinois,Identity Theft,Low,2025-04-04
607,Florida,Identity Theft,,2025-06-13
608,Unknown,Identity Theft,Medium,2024-12-26
609,California,Phishing,Medium,2024-04-01
610,New York,,High,2024-10-14
611,Florida,Phishing,,2024-11-02
612,Texas,Identity Theft,,2024-05-09
613,Florida,,Medium,2024-08-19
614,Florida,,Medium,2024-03-25
615,California,Financial Fraud,,2024-04-29
616,Texas,Financial Fraud,Low,2024-10-07
617,Florida,Malware,,2024-09-11
618,New York,Ransomware,,2024-10-23
619,New York,Financial Fraud,Medium,2025-01-27
620,Illinois,Phishing,Medium,2023-10-16
621,Texas,Financial Fraud,Low,2024-12-21
622,Texas,Malware,Low,2024-09-29
623,Illinois,,High,2023-08-23
624,Florida,Malware,,2024-02-20
625,Texas,,Medium,2025-07-26
626,New York,,Low,2024-05-13
627,New York,Ransomware,High,2025-08-31
628,California,Financial Fraud,High,2024-09-25
629,Texas,Phishing,Medium,2025-10-16
630,Florida,Phishing,Medium,2023-04-25
631,Illinois,Identity Theft,High,2025-07-20
632,Illinois,,Low,2024-11-04
633,Florida,Phishing,High,2025-10-31
634,Unknown,Ransomware,,2023-07-25
635,,,,2023-09-04
636,California,Ransomware,Medium,2025-01-27
637,Illinois,Phishing,Low,2023-05-27
638,Texas,Phishing,Low,2023-04-28
639,California,Identity Theft,,2024-02-16
640,Texas,Phishing,High,2023-12-29
641,Unknown,,Medium,2023-05-17
642,New York,,High,2025-08-15
643,California,,High,2023-01-19
644,Illinois,Identity Theft,High,2023-07-14
645,California,Identity Theft,Low,2023-11-26
646,California,Phishing,,2023-06-24
647,California,Malware,Low,2025-09-28
648,,Malware,,2024-03-24
649,California,Identity Theft,Medium,2025-08-03
650,Texas,Phishing,Medium,2023-05-21
651,New York,Malware,High,2025-01-27
652,Unknown,Phishing,,2025-07-18
653,Florida,Phishing,,2023-04-03
654,California,Phishing,,2023-08-27
655,Illinois,Financial Fraud,High,2023-07-24
656,California,,High,2024-07-13
657,Illinois,Phishing,Medium,2023-09-02
658,Texas,Financial Fraud,Low,2025-04-11
659,Illinois,Identity Theft,,2025-07-13
660,Florida,Malware,,2023-10-22
661,New York,,Low,2024-10-01
662,Illinois,Malware,,2025-05-05
663,Illinois,,High,2023-01-17
664,New York,Malware,High,2023-03-12
665,Florida,,,2023-11-01
666,California,Malware,High,2025-10-27
667,Illinois,Malware,High,2025-03-27
668,New York,Malware,,2025-03-31
669,Texas,Malware,Medium,2023-07-12
670,New York,Identity Theft,Low,2024-06-12
671,Texas,Phishing,High,2023-06-20
672,Florida,Ransomware,Medium,2023-09-08
673,California,Financial Fraud,High,2024-06-24
674,New York,Ransomware,High,2024-02-20
675,Unknown,Ransomware,Low,2025-03-04
676,Unknown,,High,2023-01-25
677,,Phishing,Low,2024-10-29
678,Illinois,,Low,2024-09-23
679,Florida,Phishing,Low,2024-05-19
680,New York,Phishing,Medium,2023-12-02
681,Unknown,Malware,,2024-02-29
682,Illinois,Identity Theft,Medium,2024-05-13
683,Unknown,Malware,,2025-08-04
684,New York,Identity Theft,,2024-09-21
685,Texas,,Low,2024-12-18
686,New York,Identity Theft,High,2023-12-05
687,,,Low,2024-10-20
688,New York,Ransomware,High,2025-08-19
689,New York,Ransomware,,2024-03-04
690,,Identity Theft,Low,2025-06-17
691,Florida,Identity Theft,High,2023-05-19
692,New York,,Medium,2025-07-30
693,,Malware,High,2024-06-25
694,Illinois,,Low,2023-02-26
695,Texas,Malware,Medium,2024-10-19
696,Texas,Ransomware,High,2024-03-10
697,New York,Phishing,High,2024-01-19
698,Florida,Identity Theft,High,2024-07-13
699,Florida,Malware,High,2023-07-13
700,Illinois,,High,2024-06-17
701,New York,Ransomware,Medium,2024-06-01
702,Texas,Malware,,2024-12-16
703,Florida,,Medium,2025-01-20
704,New York,Identity Theft,Medium,2023-07-04
705,Unknown,Identity Theft,Medium,2023-10-19
706,Florida,Financial Fraud,,2025-01-01
707,,Phishing,Low,2023-04-26
708,Unknown,Financial Fraud,,2025-04-04
709,Florida,Ransomware,Medium,2024-11-15
710,Texas,Malware,High,2023-03-23
711,California,Ransomware,High,2025-04-13
712,Unknown,,Medium,2023-11-29
713,Illinois,Identity Theft,High,2024-07-10
714,Illinois,Financial Fraud,Medium,2023-12-01
715,Texas,Financial Fraud,High,2024-06-15
716,Florida,Financial Fraud,,2023-08-09
717,New York,Ransomware,Low,2024-09-26
718,Florida,Identity Theft,Low,2023-11-19
719,Texas,Malware,,2023-01-03
720,Illinois,,,2023-07-25
721,Florida,Malware,Medium,2023-02-09
722,Illinois,Ransomware,Medium,2023-02-28
723,Unknown,,Medium,2025-08-08
724,New York,Financial Fraud,High,2024-07-27
725,Unknown,Phishing,Medium,2024-10-05
726,Illinois,Ransomware,,2025-04-22
727,Illinois,Ransomware,Low,2024-09-10
728,California,Identity Theft,High,2023-04-06
729,California,Malware,Medium,2025-06-16
730,Unknown,Ransomware,High,2024-07-14
731,,Ransomware,High,2025-06-23
732,Unknown,Financial Fraud,Medium,2023-12-14
733,California,Financial Fraud,High,2024-11-01
734,Illinois,,Low,2023-11-13
735,Texas,Phishing,,2024-12-19
736,Unknown,Identity Theft,,2023-09-07
737,Illinois,Phishing,Low,2023-11-10
738,Texas,,High,2025-03-17
739,Texas,Financial Fraud,Medium,2024-04-29
740,California,Malware,High,2023-02-13
741,Unknown,Financial Fraud,Low,2024-07-24
742,Florida,Identity Theft,High,2024-08-05
743,New York,Financial Fraud,,2025-06-13
744,California,Identity Theft,High,2023-08-08
745,California,Identity Theft,Low,2025-07-13
746,Florida,Identity Theft,,2024-02-05
747,New York,,High,2024-12-27
748,Illinois,Identity Theft,High,2025-09-17
749,,Identity Theft,,2025-06-17
750,Unknown,Malware,Medium,2025-05-07
751,,Phishing,,2025-03-14
752,Illinois,Ransomware,Medium,2024-05-04
753,California,Phishing,Low,2025-07-26
754,New York,Identity Theft,Low,2025-04-23
755,California,Malware,,2023-09-24
756,Texas,Financial Fraud,,2023-02-23
757,California,Malware,Low,2024-06-11
758,California,Identity Theft,Medium,2024-09-07
759,Illinois,Malware,Low,2025-08-12
760,Illinois,Malware,,2024-01-21
761,Illinois,Identity Theft,Low,2025-01-03
762,,,,2024-12-16
763,Texas,Malware,,2024-10-11
764,Illinois,Ransomware,Low,2023-10-27
765,New York,Ransomware,Medium,2024-01-30
766,,Malware,High,2024-08-15
767,Florida,,Low,2024-05-28
768,New York,Financial Fraud,High,2024-01-31
769,Unknown,Identity Theft,Low,2024-01-06
770,Unknown,Ransomware,High,2025-05-07
771,New York,Financial Fraud,Medium,2025-03-01
772,Illinois,Malware,Medium,2024-10-19
773,Florida,Financial Fraud,Low,2025-01-05
774,Florida,Phishing,,2024-01-19
775,,Ransomware,High,2023-03-03
776,Florida,Malware,,2024-05-19
777,Unknown,Identity Theft,,2023-08-27
778,Texas,,,2023-07-14
779,Illinois,Malware,Medium,2024-11-08
780,Florida,Identity Theft,Low,2023-03-02
781,,,Low,2025-09-16
782,Unknown,,Medium,2024-11-15
783,Texas,Malware,Medium,2023-06-05
784,California,Financial Fraud,Low,2025-07-11
785,California,Financial Fraud,,2025-05-17
786,Texas,,High,2025-06-21
787,Unknown,Financial Fraud,High,2025-09-25
788,,Phishing,High,2025-09-01
789,Texas,,,2024-01-23
790,Illinois,,Low,2025-06-05
791,Illinois,Identity Theft,Medium,2025-04-17
792,California,Financial Fraud,Low,2023-12-06
793,Florida,,,2023-07-23
794,,Phishing,Medium,2023-06-10
795,California,Identity Theft,,2024-01-27
796,Florida,Malware,High,2025-02-07
797,Florida,,High,2024-07-28
798,Illinois,Phishing,,2024-06-17
799,Unknown,Ransomware,Medium,2025-06-11
800,New York,Phishing,Medium,2024-02-09
801,Unknown,Phishing,Low,2024-08-30
802,New York,Identity Theft,High,2025-04-07
803,Texas,Malware,Low,2024-11-20
804,Illinois,Ransomware,Low,2025-06-20
805,Florida,Financial Fraud,,2023-02-25
806,,Financial Fraud,,2024-01-01
807,New York,Phishing,Low,2024-03-30
808,Unknown,Identity Theft,High,2023-04-14
809,Florida,Identity Theft,,2023-03-18
810,New York,Financial Fraud,Low,2023-08-18
811,New York,Ransomware,Low,2023-11-27
812,New York,Malware,Low,2025-06-11
813,,Ransomware,Low,2024-11-18
814,Illinois,,Low,2023-01-27
815,,,Low,2023-10-26
816,California,Malware,,2025-08-14
817,Florida,Financial Fraud,High,2025-03-09
818,Illinois,Malware,Low,2024-04-24
819,Illinois,Identity Theft,Medium,2024-07-26
820,Illinois,,,2024-04-02
821,Unknown,Phishing,,2023-12-31
822,Illinois,Phishing,Low,2025-05-08
823,,Financial Fraud,,2023-12-17
824,Illinois,Identity Theft,Low,2023-09-10
825,Texas,Ransomware,High,2025-02-19
826,Florida,Identity Theft,High,2025-03-13
827,Illinois,Phishing,,2025-10-08
828,Florida,Phishing,,2024-04-03
829,Texas,,Medium,2025-07-05
830,Texas,Identity Theft,,2024-05-13
831,Florida,Identity Theft,Medium,2025-08-07
832,New York,Phishing,High,2024-05-22
833,California,Ransomware,High,2024-05-15
834,Unknown,Financial Fraud,Low,2025-03-13
835,New York,Financial Fraud,High,2024-08-20
836,New York,Identity Theft,Medium,2023-06-15
837,,Financial Fraud,,2024-04-06
838,Unknown,Phishing,Low,2025-07-08
839,Unknown,Phishing,Medium,2023-04-24
840,New York,Identity Theft,,2025-09-18
841,Illinois,Identity Theft,Low,2023-07-26
842,,,High,2024-05-29
843,,Identity Theft,Medium,2024-12-09
844,Texas,Ransomware,,2023-05-18
845,Unknown,Financial Fraud,Low,2023-12-05
846,New York,Identity Theft,Low,2024-06-20
847,Texas,Malware,High,2023-03-09
848,Florida,,,2024-01-18
849,California,Malware,High,2023-01-19
850,,Phishing,High,2024-11-13
851,Florida,Financial Fraud,,2023-03-15
852,Florida,Identity Theft,,2024-07-26
853,Illinois,Malware,,2025-07-27
854,California,Financial Fraud,Medium,2023-07-30
855,Florida,Phishing,,2025-05-04
856,Florida,Ransomware,Low,2024-10-12
857,California,,High,2025-09-20
858,California,Financial Fraud,Medium,2024-11-25
859,Florida,Financial Fraud,,2024-06-23
860,California,Ransomware,Medium,2025-06-19
861,Florida,Financial Fraud,,2025-02-18
862,Florida,Phishing,Medium,2023-06-19
863,Illinois,Phishing,High,2023-10-15
864,New York,Ransomware,High,2023-07-08
865,Florida,,Low,2025-07-02
866,Texas,Identity Theft,Low,2024-11-24
867,,Malware,,2025-06-06
868,Unknown,Identity Theft,High,2024-04-15
869,New York,Financial Fraud,Medium,2023-10-04
870,New York,Malware,Medium,2025-07-28
871,New York,Ransomware,Medium,2024-07-24
872,Illinois,Ransomware,Low,2025-05-06
873,Florida,,Medium,2025-09-27
874,Illinois,Malware,Low,2024-04-02
875,Florida,Phishing,Low,2025-07-06
876,Illinois,Malware,,2025-04-12
877,Illinois,Financial Fraud,Medium,2025-04-18
878,,Phishing,Medium,2023-07-12
879,Texas,Ransomware,High,2024-09-07
880,Illinois,Malware,,2024-02-10
881,,Identity Theft,High,2025-07-31
882,California,,,2024-12-21
883,Texas,Identity Theft,Medium,2023-04-03
884,Illinois,,Low,2024-03-05
885,Unknown,Financial Fraud,Low,2024-10-15
886,New York,Identity Theft,Low,2024-03-09
887,California,Malware,Low,2024-01-10
888,California,Malware,Low,2023-07-26
889,,Identity Theft,High,2025-02-18
890,California,Malware,,2024-06-15
891,Texas,Financial Fraud,Medium,2023-06-15
892,Illinois,Phishing,High,2024-10-04
893,Illinois,Financial Fraud,,2023-03-31
894,Unknown,,Low,2023-01-13
895,New York,Financial Fraud,,2025-08-30
896,,,,2025-03-15
897,New York,Malware,Low,2025-08-02
898,California,Phishing,Low,2025-01-11
899,Unknown,Malware,Low,2025-05-25
900,New York,Ransomware,Medium,2024-10-21
901,Texas,Malware,Low,2025-10-28
902,Illinois,,Medium,2023-10-23
903,California,Malware,Low,2025-09-12
904,Unknown,Malware,Medium,2025-07-14
905,New York,Phishing,,2024-10-01
906,,Malware,High,2023-12-06
907,Texas,Phishing,,2024-09-19
908,Texas,Identity Theft,,2024-03-14
909,New York,Ransomware,Low,2025-07-30
910,Illinois,Phishing,Medium,2025-04-09
911,New York,,High,2024-06-02
912,California,Identity Theft,Low,2025-09-02
913,New York,Phishing,Low,2025-08-12
914,Texas,Phishing,Low,2025-08-09
915,Unknown,Ransomware,,2025-08-01
916,New York,,Medium,2023-06-04
917,Illinois,Financial Fraud,Medium,2023-03-29
918,Unknown,Financial Fraud,High,2025-07-19
919,,Phishing,Medium,2023-06-28
920,Florida,Malware,Medium,2023-07-31
921,New York,,Low,2024-04-09
922,Illinois,Identity Theft,Low,2024-09-22
923,Unknown,Malware,,2025-04-04
924,Illinois,Malware,Low,2024-08-29
925,,,Low,2025-06-03
926,Texas,Phishing,Low,2024-01-01
927,Illinois,Phishing,Low,2023-10-03
928,Unknown,Phishing,,2024-01-15
929,Illinois,Phishing,Low,2025-08-02
930,Illinois,Financial Fraud,High,2025-03-20
931,Illinois,Phishing,High,2025-07-13
932,California,Financial Fraud,High,2024-05-08
933,California,Financial Fraud,High,2023-12-30
934,Texas,Phishing,Low,2024-07-23
935,New York,Ransomware,High,2025-02-01
936,Illinois,Identity Theft,Low,2023-10-03
937,,Malware,,2023-02-19
938,New York,Financial Fraud,High,2024-12-28
939,,,Medium,2025-06-24
940,New York,,High,2025-07-16
941,Texas,Identity Theft,High,2024-07-17
942,Illinois,,Low,2025-02-21
943,Illinois,Ransomware,High,2024-04-29
944,Florida,,Medium,2024-08-06
945,,Malware,Low,2023-08-24
946,New York,Malware,Low,2023-02-25
947,New York,Financial Fraud,,2023-12-26
948,California,Phishing,,2023-04-20
949,Florida,Ransomware,High,2023-07-11
950,Unknown,Financial Fraud,,2025-06-22
951,Unknown,Ransomware,,2025-05-11
952,California,Phishing,,2024-07-21
953,California,,Low,2024-10-11
954,California,,Low,2023-02-08
955,,Phishing,Low,2024-09-28
956,,Financial Fraud,,2023-02-05
957,Texas,Phishing,Low,2023-04-11
958,Texas,Identity Theft,,2023-06-15
959,California,Malware,Low,2024-01-18
960,Florida,Financial Fraud,Low,2025-02-28
961,New York,Ransomware,Medium,2023-01-31
962,,Identity Theft,High,2023-01-11
963,Florida,Financial Fraud,,2023-04-06
964,Illinois,Phishing,Medium,2024-03-28
965,,Phishing,Low,2023-07-11
966,,Phishing,,2024-04-30
967,Texas,Phishing,Low,2023-08-26
968,New York,Ransomware,High,2025-01-04
969,New York,Identity Theft,Medium,2025-09-17
970,Unknown,,High,2025-04-04
971,Unknown,Malware,Medium,2023-04-16
972,Unknown,Ransomware,Low,2023-06-30
973,Unknown,Ransomware,High,2023-07-03
974,Illinois,,High,2023-08-14
975,Illinois,,Low,2025-02-15
976,,Malware,High,2025-02-28
977,California,Malware,,2024-11-18
978,Texas,,Medium,2024-06-13
979,Texas,Phishing,Medium,2025-08-29
980,Unknown,Ransomware,Medium,2025-07-24
981,,Financial Fraud,,2023-04-16
982,Florida,Malware,Medium,2025-04-10
983,California,Malware,Low,2024-11-09
984,,,High,2025-04-28
985,California,Identity Theft,,2024-01-28
986,California,Financial Fraud,Medium,2023-02-09
987,California,Financial Fraud,Low,2024-10-21
988,,Malware,High,2025-09-07
989,Unknown,Phishing,High,2025-04-24
990,Texas,Identity Theft,,2023-07-20
991,Texas,Financial Fraud,,2024-03-22
992,Unknown,Malware,,2024-03-19
993,California,Financial Fraud,Low,2025-01-30
994,Florida,Identity Theft,Low,2023-08-15
995,New York,Identity Theft,,2023-02-17
996,,Ransomware,Medium,2025-06-30
997,New York,,High,2023-07-06
998,Unknown,,High,2023-12-11
999,Florida,Malware,Low,2023-08-12
1000,,Identity Theft,High,2025-04-09
1001,Unknown,Ransomware,Medium,2024-05-02
1002,California,Ransomware,High,2025-05-26
1003,Texas,Financial Fraud,Low,2025-04-28
1004,New York,Financial Fraud,Low,2025-09-05
1005,Illinois,Ransomware,Medium,2025-10-13
1006,Illinois,Financial Fraud,Medium,2023-07-07
1007,Florida,Identity Theft,High,2023-09-27
1008,California,Phishing,High,2023-11-06
1009,New York,Identity Theft,Low,2025-04-24
1010,California,Ransomware,Medium,2024-04-30
1011,New York,Ransomware,Medium,2023-04-30
1012,Florida,Identity Theft,Medium,2023-08-08
1013,Florida,Financial Fraud,High,2023-02-22
1014,Illinois,Financial Fraud,Medium,2025-01-27
1015,California,,Low,2025-01-07
1016,,Ransomware,Low,2024-12-20
1017,Illinois,Malware,High,2024-02-10
1018,California,,,2024-08-30
1019,Illinois,Financial Fraud,High,2025-10-17
1020,,Identity Theft,,2024-02-26
1021,Texas,Financial Fraud,Medium,2024-12-12
1022,Texas,Identity Theft,High,2023-09-04
1023,Texas,,Low,2023-03-13
1024,Texas,Ransomware,Medium,2023-07-04
1025,Unknown,Financial Fraud,Low,2023-01-06
1026,New York,Identity Theft,Medium,2025-06-24
1027,Unknown,Ransomware,High,2024-01-22
1028,Unknown,Malware,,2024-11-29
1029,Unknown,Identity Theft,Medium,2025-04-06
1030,Texas,,,2023-12-15
1031,,Malware,Medium,2023-11-04
1032,Florida,Malware,Low,2023-10-14
1033,Florida,Phishing,Low,2025-02-04
1034,New York,Financial Fraud,Medium,2024-12-25
1035,Texas,Identity Theft,,2025-01-31
1036,Texas,Malware,High,2024-01-18
1037,Texas,Phishing,High,2024-01-23
1038,Illinois,,Low,2024-06-08
1039,California,Ransomware,High,2024-09-30
1040,Illinois,Identity Theft,Low,2025-07-26
1041,California,Malware,High,2023-10-03
1042,Texas,Financial Fraud,Medium,2024-05-14
1043,Texas,Phishing,Low,2024-12-17
1044,Illinois,Malware,Low,2023-12-03
1045,Illinois,Financial Fraud,Medium,2025-07-20
1046,California,Malware,Low,2024-04-25
1047,Florida,Identity Theft,High,2025-06-29
1048,California,Identity Theft,High,2023-04-19
1049,Illinois,Identity Theft,Low,2023-11-24
1050,,,High,2023-11-11
1051,Illinois,,,2024-11-29
1052,,Phishing,Low,2025-02-19
1053,New York,Identity Theft,Medium,2023-06-05
1054,Illinois,Financial Fraud,,2025-06-05
1055,New York,Malware,Low,2025-10-22
1056,Florida,Ransomware,Medium,2025-01-27
1057,California,Financial Fraud,High,2024-12-22
1058,,,Medium,2025-07-01
1059,California,,,2025-05-20
1060,New York,Financial Fraud,High,2023-01-13
1061,,,Low,2024-08-30
1062,California,Identity Theft,High,2024-05-12
1063,Illinois,Phishing,Low,2023-08-26
1064,Texas,Malware,Low,2025-02-19
1065,New York,Phishing,Medium,2024-08-28
1066,California,Malware,Medium,2024-10-22
1067,New York,Malware,Medium,2025-04-28
1068,Unknown,Phishing,,2025-07-24
1069,New York,Financial Fraud,,2024-09-19
1070,,Malware,Medium,2023-05-23
1071,Unknown,Phishing,,2024-12-14
1072,,Malware,High,2024-04-23
1073,Texas,Ransomware,High,2024-07-18
1074,Unknown,Financial Fraud,,2024-04-15
1075,Illinois,Identity Theft,,2024-01-19
1076,New York,Malware,High,2025-07-14
1077,California,Ransomware,Low,2024-02-21
1078,Florida,Identity Theft,High,2023-11-04
1079,New York,Identity Theft,High,2024-10-10
1080,New York,Malware,,2025-10-21
1081,Texas,Phishing,High,2025-01-08
1082,Illinois,Malware,,2023-05-20
1083,Florida,Ransomware,,2025-08-31
1084,Unknown,Identity Theft,Medium,2025-10-13
1085,Unknown,Malware,High,2025-08-10
1086,Unknown,Phishing,Low,2025-06-22
1087,,Malware,Medium,2023-03-13
1088,,Financial Fraud,,2023-04-17
1089,California,Phishing,,2025-06-01
1090,Florida,Ransomware,Low,2023-05-19
1091,Unknown,Identity Theft,,2024-09-06
1092,,Malware,High,2025-05-12
1093,California,Phishing,Medium,2023-09-30
1094,Illinois,Financial Fraud,,2024-02-20
1095,California,Phishing,,2024-05-20
1096,,,Low,2025-01-02
1097,Texas,Financial Fraud,High,2024-02-28
1098,Texas,Ransomware,,2024-01-25
1099,Unknown,Identity Theft,Low,2023-12-08
1100,Texas,Ransomware,,2025-08-03
1101,Unknown,Malware,Low,2024-09-05
1102,Unknown,Phishing,Low,2024-05-07
1103,,,High,2023-07-11
1104,Texas,Financial Fraud,,2024-05-13
1105,Unknown,Financial Fraud,High,2025-04-01
1106,Florida,Phishing,Low,2023-08-15
1107,Illinois,,Medium,2023-05-19
1108,California,Phishing,,2025-05-05
1109,California,Malware,Medium,2025-03-27
1110,,Ransomware,,2023-04-14
1111,Texas,Financial Fraud,High,2025-05-20
1112,Texas,Malware,High,2024-10-29
1113,Unknown,Ransomware,High,2023-09-30
1114,New York,Malware,High,2025-10-26
1115,Unknown,,High,2023-07-03
1116,Illinois,Financial Fraud,Medium,2023-10-20
1117,Florida,Phishing,High,2023-06-26
1118,California,Phishing,Low,2023-02-27
1119,Unknown,Ransomware,Low,2023-11-04
1120,New York,Identity Theft,Medium,2025-09-03
1121,New York,,,2024-11-30
1122,Unknown,Ransomware,Low,2023-03-24
1123,,Identity Theft,,2023-09-09
1124,California,Malware,Medium,2025-03-06
1125,,,,2025-06-15
1126,Florida,Malware,,2023-07-29
1127,New York,Financial Fraud,,2025-03-26
1128,New York,,,2024-08-31
1129,Illinois,Identity Theft,Medium,2024-03-22
1130,Florida,Financial Fraud,Low,2024-04-04
1131,New York,Phishing,High,2025-08-25
1132,Florida,Identity Theft,,2024-04-16
1133,California,Ransomware,Low,2024-01-05
1134,Texas,Phishing,Low,2025-06-18
1135,New York,Phishing,Medium,2025-07-11
1136,Illinois,Ransomware,Low,2023-05-17
1137,California,,Medium,2024-01-02
1138,Unknown,Phishing,,2025-06-30
1139,Florida,Identity Theft,,2023-07-03
1140,Unknown,Financial Fraud,High,2024-04-16
1141,,Phishing,High,2024-10-15
1142,California,Identity Theft,High,2025-01-18
1143,Unknown,Malware,Low,2024-06-20
1144,New York,Identity Theft,,2025-03-12
1145,Florida,Financial Fraud,Medium,2025-07-08
1146,Texas,Identity Theft,High,2024-05-24
1147,California,Ransomware,Medium,2024-09-21
1148,New York,Financial Fraud,Medium,2025-09-28
1149,Illinois,,High,2025-07-04
1150,,Malware,,2025-10-30
1151,Florida,Ransomware,High,2023-06-01
1152,California,,Medium,2025-10-25
1153,California,Identity Theft,High,2024-04-08
1154,Texas,Financial Fraud,Medium,2023-09-28
1155,Texas,Malware,Medium,2024-04-04
1156,Illinois,Ransomware,High,2023-04-15
1157,,,Low,2023-06-11
1158,Illinois,,High,2023-12-17
1159,New York,Malware,Low,2024-03-09
1160,New York,Identity Theft,Medium,2025-05-01
1161,Illinois,Malware,Medium,2023-05-20
1162,,,Low,2023-03-28
1163,Illinois,Phishing,Medium,2023-07-02
1164,,Ransomware,Low,2024-01-03
1165,,Malware,Low,2023-05-09
1166,Unknown,,Medium,2024-10-31
1167,Florida,Identity Theft,,2023-05-29
1168,,,Low,2025-09-11
1169,Texas,Identity Theft,High,2025-05-01
1170,,Malware,High,2024-09-19
1171,,Identity Theft,Medium,2024-03-21
1172,,Financial Fraud,,2025-06-02
1173,Unknown,Financial Fraud,Medium,2023-10-21
1174,Unknown,Financial Fraud,,2023-09-07
1175,New York,Phishing,Low,2025-05-27
1176,Unknown,Malware,Low,2025-08-05
1177,Texas,,Low,2025-09-01
1178,Texas,,Low,2025-02-27
1179,Unknown,Phishing,High,2025-09-10
1180,Illinois,Identity Theft,High,2025-06-07
1181,Florida,Phishing,Medium,2025-06-08
1182,Unknown,Identity Theft,,2023-03-11
1183,,Identity Theft,Low,2024-09-16
1184,California,Ransomware,Low,2025-05-24
1185,Florida,,,2024-04-15
1186,Florida,Financial Fraud,,2023-04-01
1187,Texas,Identity Theft,Medium,2024-06-13
1188,Florida,Ransomware,,2024-10-22
1189,Unknown,,Low,2025-01-08
1190,,Financial Fraud,Low,2024-12-26
1191,,Identity Theft,Low,2025-05-21
1192,New York,Identity Theft,Low,2023-07-11
1193,,Phishing,Low,2023-05-18
1194,,Phishing,Medium,2023-12-11
1195,Texas,,Low,2025-10-05
1196,,Financial Fraud,Medium,2024-05-17
1197,New York,Identity Theft,Low,2023-07-22
1198,California,,High,2024-07-26
1199,Unknown,,High,2023-07-11
1200,Texas,Malware,High,2023-01-05
1201,California,Phishing,High,2023-11-07
1202,Texas,Financial Fraud,Medium,2024-07-02
1203,Illinois,Identity Theft,Medium,2023-02-25
1204,Florida,,,2024-03-18
1205,Illinois,Identity Theft,Low,2025-05-19
1206,,Malware,High,2024-08-07
1207,California,Financial Fraud,Medium,2025-01-21
1208,,,Low,2023-12-26
1209,Florida,Identity Theft,Low,2025-03-29
1210,Texas,Phishing,Medium,2023-01-30
1211,Florida,Malware,High,2023-04-18
1212,New York,Financial Fraud,,2025-04-23
1213,Florida,Malware,Low,2024-12-17
1214,New York,Phishing,,2025-06-09
1215,Florida,Financial Fraud,High,2025-08-17
1216,Unknown,Malware,High,2025-06-11
1217,New York,Ransomware,,2025-01-01
1218,California,Phishing,High,2024-08-28
1219,,Phishing,Low,2024-04-01
1220,,Phishing,,2024-09-06
1221,Illinois,Ransomware,High,2024-11-28
1222,,Ransomware,,2024-11-04
1223,Texas,Identity Theft,Low,2024-06-26
1224,Unknown,,High,2025-05-06
1225,Florida,Malware,Low,2025-06-15
1226,Illinois,Identity Theft,High,2023-10-05
1227,Texas,Malware,Medium,2024-07-05
1228,Texas,,High,2023-04-21
1229,New York,Ransomware,,2024-01-20
1230,,,High,2025-01-30
1231,California,Ransomware,Low,2024-11-24
1232,California,,Low,2024-02-09
1233,Illinois,Identity Theft,High,2023-01-22
1234,Unknown,Financial Fraud,,2024-11-08
1235,California,Identity Theft,Medium,2024-09-02
1236,Florida,Malware,,2023-01-08
1237,California,Identity Theft,Medium,2024-12-02
1238,Illinois,Phishing,Low,2024-06-12
1239,California,Malware,,2024-08-24
1240,Florida,,Medium,2024-10-18
1241,New York,Malware,High,2023-06-15
1242,Unknown,Financial Fraud,Low,2025-04-28
1243,Illinois,Ransomware,High,2024-05-10
1244,New York,,Low,2024-08-12
1245,New York,Malware,,2024-03-04
1246,New York,,,2025-02-12
1247,Texas,,Low,2023-06-12
1248,Unknown,,Low,2024-01-01
1249,,Ransomware,Low,2023-03-13
1250,Unknown,Identity Theft,,2024-10-16
1251,Texas,,Medium,2023-09-26
1252,,Phishing,High,2024-02-19
1253,Unknown,Financial Fraud,High,2025-10-12
1254,New York,Ransomware,,2024-11-05
1255,Illinois,Malware,High,2023-01-06
1256,,Ransomware,Low,2025-09-08
1257,Florida,Malware,Medium,2024-07-23
1258,Florida,Ransomware,High,2024-02-11
1259,California,Malware,Medium,2023-01-26
1260,,,Low,2025-10-25
1261,Illinois,Identity Theft,High,2025-09-12
1262,Texas,Malware,,2024-01-25
1263,New York,Malware,Medium,2024-12-10
1264,California,Phishing,Low,2024-07-24
1265,Florida,Malware,Medium,2025-01-23
1266,Texas,Phishing,High,2023-05-26
1267,Texas,Financial Fraud,High,2025-02-23
1268,New York,,,2024-06-09
1269,,Phishing,Low,2023-01-13
1270,Florida,Identity Theft,Low,2025-06-21
1271,Illinois,,,2024-01-19
1272,Texas,Phishing,,2024-07-09
1273,New York,,Low,2025-06-05
1274,Illinois,,Medium,2023-01-19
1275,,,Medium,2024-07-28
1276,Florida,Financial Fraud,,2025-01-20
1277,,Identity Theft,Medium,2025-09-30
1278,Texas,Ransomware,Low,2024-02-23
1279,Illinois,Ransomware,High,2024-02-23
1280,Illinois,Phishing,High,2023-05-02
1281,Illinois,,Medium,2024-03-07
1282,Texas,Phishing,,2023-02-13
1283,Texas,Financial Fraud,,2024-01-16
1284,,Financial Fraud,,2023-05-25
1285,California,Malware,,2023-12-29
1286,,Financial Fraud,,2023-12-21
1287,Florida,Malware,Medium,2025-03-10
1288,New York,Identity Theft,High,2025-04-05
1289,Illinois,Phishing,High,2024-02-02
1290,California,Identity Theft,Medium,2025-05-29
1291,New York,Financial Fraud,,2024-04-07
1292,California,Identity Theft,Medium,2025-03-18
1293,Unknown,Identity Theft,High,2023-07-06
1294,,Identity Theft,Low,2025-01-01
1295,Texas,Financial Fraud,Medium,2024-03-04
1296,Illinois,,,2025-05-07
1297,,Identity Theft,High,2023-08-25
1298,New York,Malware,High,2025-02-09
1299,Unknown,Financial Fraud,High,2025-01-27
1300,Unknown,Identity Theft,High,2023-05-16
1301,Unknown,,,2025-03-02
1302,New York,Financial Fraud,Low,2023-06-20
1303,New York,Ransomware,High,2023-06-08
1304,New York,,Medium,2023-07-20
1305,New York,Malware,Low,2025-08-19
1306,Unknown,Identity Theft,High,2024-08-05
1307,Unknown,Ransomware,Low,2025-05-25
1308,California,Ransomware,Medium,2024-01-06
1309,,Financial Fraud,High,2023-04-13
1310,Illinois,Ransomware,Medium,2025-09-28
1311,Texas,Malware,,2025-09-02
1312,Unknown,Malware,High,2025-03-08
1313,Texas,Phishing,High,2024-10-19
1314,,Malware,High,2025-05-31
1315,,,High,2025-01-02
1316,Texas,Ransomware,,2024-02-27
1317,Unknown,Malware,High,2024-07-25
1318,Texas,Financial Fraud,Low,2023-06-20
1319,California,Phishing,High,2023-06-22
1320,Florida,Ransomware,,2024-10-24
1321,Unknown,Phishing,High,2024-03-28
1322,Unknown,Ransomware,Low,2023-12-16
1323,Illinois,Financial Fraud,,2024-05-08
1324,New York,Phishing,,2024-09-11
1325,Florida,Identity Theft,Low,2025-10-24
1326,,,Low,2025-07-07
1327,Unknown,,Low,2023-01-06
1328,Texas,Ransomware,Low,2023-10-15
1329,Florida,Identity Theft,Low,2024-08-30
1330,Illinois,Phishing,,2024-04-01
1331,,Identity Theft,,2025-10-26
1332,New York,Identity Theft,High,2024-09-15
1333,New York,Phishing,High,2024-01-11
1334,Illinois,Financial Fraud,Medium,2024-03-22
1335,Illinois,Identity Theft,High,2025-04-14
1336,Texas,Identity Theft,High,2025-03-21
1337,Unknown,Financial Fraud,Low,2025-08-16
1338,New York,Identity Theft,Low,2025-04-28
1339,,Identity Theft,High,2025-03-19
1340,Florida,Identity Theft,Medium,2025-09-05
1341,,,Low,2024-02-20
1342,California,Malware,High,2024-12-26
1343,California,Financial Fraud,High,2024-03-29
1344,Illinois,Identity Theft,,2023-05-30
1345,Texas,,Medium,2025-01-28
1346,California,Financial Fraud,,2025-02-17
1347,New York,Ransomware,Medium,2025-08-30
1348,,Ransomware,Low,2025-02-01
1349,,Identity Theft,Medium,2025-09-28
1350,Illinois,,High,2023-03-17
1351,Unknown,,High,2024-08-21
1352,Unknown,Financial Fraud,Medium,2023-08-13
1353,Florida,Financial Fraud,Medium,2023-04-23
1354,Illinois,,Medium,2023-09-08
1355,Florida,Financial Fraud,,2025-04-20
1356,Unknown,,Medium,2024-12-14
1357,Illinois,Malware,Low,2023-05-05
1358,Illinois,,,2025-06-02
1359,Illinois,Ransomware,,2023-01-30
1360,Unknown,Financial Fraud,Medium,2023-10-08
1361,Florida,,Low,2025-07-12
1362,Florida,,,2024-01-03
1363,Illinois,Financial Fraud,High,2024-05-09
1364,California,Malware,,2024-12-18
1365,Texas,Malware,Medium,2025-10-13
1366,Unknown,Financial Fraud,Low,2024-08-28
1367,Texas,Phishing,Medium,2024-01-10
1368,Texas,Financial Fraud,High,2024-09-30
1369,Florida,Financial Fraud,High,2023-04-26
1370,Florida,Malware,High,2023-02-17
1371,California,Malware,Medium,2023-04-09
1372,Texas,Financial Fraud,,2024-02-09
1373,Texas,Financial Fraud,Medium,2024-11-15
1374,Illinois,Financial Fraud,Low,2025-06-21
1375,Florida,Malware,,2024-05-17
1376,Texas,Financial Fraud,High,2025-06-12
1377,,Financial Fraud,Medium,2023-09-15
1378,California,Identity Theft,High,2025-04-23
1379,,Phishing,High,2023-05-01
1380,,Ransomware,Low,2025-03-20
1381,Unknown,Phishing,,2025-09-04
1382,Unknown,Identity Theft,Low,2023-02-23
1383,California,Ransomware,Low,2025-10-15
1384,,Financial Fraud,Low,2025-02-22
1385,Texas,Identity Theft,High,2023-08-29
1386,Florida,Financial Fraud,Low,2024-04-27
1387,California,Malware,Low,2025-10-09
1388,Illinois,,,2023-07-06
1389,,Identity Theft,,2024-10-17
1390,California,Malware,Low,2023-09-19
1391,New York,Identity Theft,,2025-08-10
1392,New York,Identity Theft,,2024-05-05
1393,Unknown,Malware,Low,2024-03-06
1394,Florida,Ransomware,High,2023-08-27
1395,Texas,Phishing,Low,2023-10-31
1396,Florida,Financial Fraud,,2023-10-25
1397,Florida,Identity Theft,High,2023-03-17
1398,Florida,Financial Fraud,Medium,2025-09-25
1399,Florida,,High,2024-10-03
1400,Illinois,Malware,,2025-04-06
1401,Illinois,Financial Fraud,High,2023-10-10
1402,Unknown,Malware,Low,2024-08-13
1403,California,Financial Fraud,Medium,2023-03-13
1404,New York,Phishing,Medium,2024-12-03
1405,Florida,Phishing,Medium,2024-07-28
1406,Unknown,Phishing,,2025-09-26
1407,California,Phishing,,2025-06-10
1408,New York,Phishing,Medium,2023-01-12
1409,,Phishing,High,2023-05-21
1410,Texas,Malware,Medium,2023-01-17
1411,Illinois,Identity Theft,High,2023-09-10
1412,,Financial Fraud,High,2024-04-09
1413,New York,Phishing,,2024-01-11
1414,,Malware,High,2025-09-07
1415,Texas,Malware,Medium,2024-06-03
1416,Unknown,Malware,,2023-03-31
1417,New York,Identity Theft,Low,2024-12-20
1418,,Financial Fraud,Low,2025-03-14
1419,Illinois,Identity Theft,,2025-03-06
1420,Illinois,Ransomware,Medium,2024-09-21
1421,California,Malware,Low,2023-03-17
1422,,Ransomware,Low,2025-07-14
1423,Florida,,High,2024-02-04
1424,,Phishing,High,2025-08-27
1425,Unknown,Phishing,Medium,2025-03-07
1426,New York,Identity Theft,,2023-07-14
1427,New York,Financial Fraud,Medium,2023-08-16
1428,Unknown,Ransomware,,2024-04-05
1429,,Financial Fraud,Low,2024-09-09
1430,Unknown,Identity Theft,High,2023-03-05
1431,Texas,Phishing,Medium,2023-06-14
1432,Unknown,Financial Fraud,Medium,2023-01-27
1433,Illinois,Financial Fraud,,2025-10-08
1434,Unknown,Phishing,,2023-10-12
1435,New York,Ransomware,Medium,2023-10-08
1436,Illinois,Phishing,,2025-04-17
1437,New York,Financial Fraud,Medium,2025-04-10
1438,California,Ransomware,Medium,2025-07-06
1439,Florida,Ransomware,Medium,2023-08-12
1440,New York,Phishing,Low,2025-02-22
1441,Illinois,Financial Fraud,,2025-08-22
1442,California,Identity Theft,High,2025-08-07
1443,New York,Financial Fraud,High,2023-02-14
1444,Texas,Malware,,2024-04-15
1445,Unknown,,Medium,2023-02-03
1446,Florida,Identity Theft,High,2024-10-14
1447,New York,Ransomware,High,2025-04-09
1448,California,Identity Theft,,2023-08-09
1449,Texas,Ransomware,High,2024-06-17
1450,,Ransomware,Medium,2024-11-22
1451,California,Identity Theft,,2025-07-20
1452,Unknown,Ransomware,Medium,2025-04-20
1453,California,Ransomware,High,2025-10-07
1454,Texas,Malware,High,2024-08-04
1455,California,Financial Fraud,Medium,2023-08-27
1456,Texas,Financial Fraud,Low,2024-03-16
1457,New York,,High,2023-05-28
1458,Texas,,Low,2025-10-29
1459,Texas,Malware,High,2024-01-23
1460,Florida,,Low,2025-07-04
1461,Texas,Identity Theft,Low,2024-09-29
1462,Texas,Phishing,Low,2023-10-05
1463,,Phishing,Medium,2025-09-15
1464,New York,Phishing,Low,2024-08-11
1465,Unknown,Malware,Low,2024-10-10
1466,Florida,Malware,Low,2024-09-09
1467,,Ransomware,High,2023-05-15
1468,Illinois,Phishing,Low,2024-08-02
1469,New York,Identity Theft,High,2024-05-04
1470,New York,,Low,2024-04-22
1471,Illinois,Identity Theft,Low,2024-01-19
1472,Unknown,,Medium,2023-06-12
1473,Texas,Phishing,High,2024-03-16
1474,,Phishing,Low,2024-02-19
1475,California,Phishing,High,2023-10-15
1476,Florida,Malware,High,2023-07-06
1477,California,,,2023-05-10
1478,Illinois,Malware,Medium,2023-07-13
1479,New York,Malware,Medium,2023-11-12
1480,Unknown,Financial Fraud,Medium,2023-05-24
1481,New York,Identity Theft,,2023-01-16
1482,Florida,Identity Theft,,2024-02-27
1483,New York,Ransomware,Medium,2023-09-02
1484,New York,Malware,,2025-07-15
1485,Florida,,,2023-05-09
1486,,Financial Fraud,,2025-06-25
1487,,Financial Fraud,Medium,2025-06-05
1488,Florida,Identity Theft,Medium,2023-12-07
1489,Unknown,Malware,Medium,2023-01-04
1490,Illinois,Ransomware,,2023-11-02
1491,New York,Malware,Medium,2025-06-26
1492,Unknown,Phishing,,2024-08-29
1493,New York,Malware,Low,2025-09-18
1494,Illinois,Phishing,,2023-11-17
1495,,Phishing,High,2024-07-12
1496,Unknown,Ransomware,Medium,2024-09-09
1497,Texas,,Medium,2024-12-11
1498,Texas,Identity Theft,High,2024-06-14
1499,Texas,Malware,,2024-02-14
1500,,Phishing,Low,2025-03-28
500,,Malware,High,2024-05-07
1000,Illinois,,High,2023-01-12
